"Status","Start Time","Stop Time","Duration in ms","Parent Suite","Suite","Sub Suite","Test Class","Test Method","Name","Description"
"passed","Wed Jan 04 19:25:52 CST 2023","Wed Jan 04 19:25:52 CST 2023","0","testcases","test_api","TestApi","","","test_api3[赵-12]",""
"passed","Wed Jan 04 19:25:52 CST 2023","Wed Jan 04 19:25:52 CST 2023","0","testcases","test_api","TestApi","","","test_api3[钱-160]",""
"passed","Wed Jan 04 19:25:52 CST 2023","Wed Jan 04 19:25:52 CST 2023","0","testcases","test_api","TestApi","","","test_blo[datas1]",""
"passed","Wed Jan 04 19:25:52 CST 2023","Wed Jan 04 19:25:52 CST 2023","0","testcases","test_api","TestApi","","","test_api2[args1]",""
"passed","Wed Jan 04 19:25:52 CST 2023","Wed Jan 04 19:25:52 CST 2023","0","testcases","test_api","TestApi","","","test_api1[钱]",""
"passed","Wed Jan 04 19:25:52 CST 2023","Wed Jan 04 19:25:52 CST 2023","0","testcases","test_api","TestApi","","","test_api3[钱-161]",""
"passed","Wed Jan 04 19:25:52 CST 2023","Wed Jan 04 19:25:52 CST 2023","0","testcases","test_api","TestApi","","","test_api2[args2]",""
"passed","Wed Jan 04 19:25:52 CST 2023","Wed Jan 04 19:25:52 CST 2023","0","testcases","test_api","TestApi","","","test_blo[datas0]",""
"passed","Wed Jan 04 19:25:52 CST 2023","Wed Jan 04 19:25:52 CST 2023","0","testcases","test_api","TestApi","","","test_blo[datas2]",""
"passed","Wed Jan 04 19:25:52 CST 2023","Wed Jan 04 19:25:52 CST 2023","0","testcases","test_api","TestApi","","","test_api1[孙]",""
"passed","Wed Jan 04 19:25:52 CST 2023","Wed Jan 04 19:25:52 CST 2023","0","testcases","test_api","TestApi","","","test_api2[args0]",""
"passed","Wed Jan 04 19:25:52 CST 2023","Wed Jan 04 19:25:52 CST 2023","0","testcases","test_api","TestApi","","","test_api1[赵]",""
